pessoas públicas não devem ter medo de expor sua posição política c medo de gerar contenda com seus fãs. A verdade é q a democracia existe pra ser respeitada sem levar pro lado pessoal. E não posso deixar de levantar a #pois cansei de 8 anos com PT # MudaBrasil17 @ jairbolsonaro;
Os valores da família empurram a candidatura de Bolsonaro http://noticias.r7.com/prisma/coluna-do-fraga/os-valores-da-familia-empurram-a-candidatura-de-bolsonaro-28092018 …;
Tenhamos um domingo abençoado, a mudança começou, o gigante acordou, com a benção de Deus vamos as urnas eleger o messias Jair Bolsonaro presidente 17, a mudança é agora, que Deus nos abençoe.;
Esperando a matéria no JN tbm sobre Bolsonaro, até agora são quase 20min falando só do PT....;
# AmanhaBolsoDoria DATAFOLHA (votos válidos) Jair Bolsonaro: 55% Fernando Haddad: 45% # AcabouaPiranhagemPThttps://twitter.com/jdoriajr/status/1056326329975668737 …;
Pq vcs gostam de se iludir tanto? Confiar numa pesquisa CUT? A mesma que deu 2% a mais pro andrade e 6% a menos pro bolsonaro no 1º turno?;
Já viraram todas @ jairbolsonaro https://twitter.com/Marcelodedois/status/1055935975128514560 …;
Amanhã Bolsonaro Presidente do Brasil # AcabouaPiranhagemPThttps://twitter.com/bolsonaropb/status/1056313515064152064 …;
Show do Roger Waters em Curitiba. Um monte de gente com camiseta do Brasil e Bolsonaro. Brasil 2018.;
Gostei de um vídeo @ YouTube http://youtu.be/-ApIMA_FQHQ?aAO  VIVO: BOLSONARO FAZ ÚLTIMO PRONUNCIAMENTO PARA O BRASIL ÀS VÉSPERAS DO 2º;
DataFolha já perdeu a credibilidade há tempos. O objetivo dessa pesquisa nada mais é do que criar uma falsa oposição do povo a política de Bolsonaro.;
Ibope e data folha entrevista 3.000 pessoas no sertão da Paraíba ...kkkkkkkkkk vem aqui em São Paulo, Rio grande do sul, Minas gerais, Santa Catarina, fazer as pesquisas..;
No seu caso vc vota no PT por causa dos dólares q tu recebe pelo YouTube. Chega e fala a verdade p/ seu público. Caso bolsonaro entrar o dólar cai e vc toma no cu pic.twitter.com/lVAsnbsWOE;
é sim, mas ele não tá fazendo campanha pra ninguém. está só se manifestando contra o fascismo e bolsonaro. nem menciona o nome do haddad;
a única youtuber que acredito ter feito uma argumentação sincera, não caluniosas e coerente contra o bolsonaro nessa reta final foi a @ joutfuckinjout ela foi pro campo social que é onde tem matéria de sobra pra vc criticar ele sem usar falácias clássicas como a pec;
Está bem. Mas se você tiver pensando duas vezes, ainda dá tempo de votar pela democracia. Eu nem sou petista mas Bolsonaro não dá, e representa fascismo, retrocesso, ditadura, preconceito e violência, tudo que não precisamos... # pas.;
Nossa opinião: Bolsonaro é o pior que nos pode acontecer @ congemfocohttps://congressoemfoco.uol.com.br/opiniao/editorial/nossa-opiniao-bolsonaro-e-o-pior-que-nos-pode-acontecer/ …;
MAS SÓ ELE FAZ CAMPANHA GENTE kkk vai falar o que de Bolsonaro? Que ele foi do quarto a cozinha da casa dele????;
O tsunami já recomeçou na Nova Zelândia, Australia e Japão... Os amigos que se dispuserem a divulgar fotos os boletins das urnas encerradas no exterior, fiquem à vontade.;
Que assim seja;
Assistindo o jornal nacional agora e quase vomitando com uma matéria ridícula total imparcial pró Haddad;
Amém! Vamos passar o dia 28 inteiro em espírito de oração clamando a Deus por misericórdia sobre a nação brasileira. Deus nos abençõe.;
O Bolsonaro não teve agenda, eu acho;
I liked a @ YouTube video http://youtu.be/R3GyYR2_PyY?a  NOSSA ÚNICA CHANCE É ELEGER BOLSONARO PRESIDENTE. EM SÃO OU É DÓRIA OU O PT;
É especial do Haddad na Globo. Hoje ??? Pqp que palhaçada !!!;
MANO, OS CARAS TAO FAZ 10 MINUTOS COM ESSA FRESCURA. VAMOS VER QUANTO TEMPO VAI DAR PRA BOLSONARO;
Amanhã e 17 na cabeça!! # BolsonaroPresidente;
Parabéns ao @ jornalnacional pelo tempo de reportagem do @ Haddad_Fernando isso mostra o quanto estão preocupados com a vitória de @ jairbolsonaro sempre;
@ jairbolsonaro prometeu desenvolvimento para o Nordeste. Haddad 1 botijão de gás.;
E os videos que cansamos de assistir aqui onde o pesquisador do DataFolha se recusa a entrevistar quem é eleitor de Bolsonaro? Essas duas agências deveriam DEIXAR de existir. Amanhã quero o @ MauroPaulino se explicando aqui. Êta cara de psicopata....kkkkpic.twitter.com/uhx3dDiBhG;
eu to é arrependido de nao ter comprado açoes da taurus esse fim de semana, se o bolsonaro ganhar vai da uma subida bonita;
Só da pt no JN hoje? Qt tempo e a mesma docura dedicarão ao Bolsonaro?;
Uma pessoa tão inteligente como vc, achando que com o PT teremos democracia, de democrata esse partido não tem nada. Com seu último vídeo falando de Fake News da política, q vc só falou dos do Bolsonaro, mas do Haddad não, já era de se esperar, vc sempre foi petista "encubado" .;
# GNEleicoes2018 busca-se explicação dos votos do Haddad nas declarações da equipe Bolsonaro. Entretanto o Ibope mostra que 80% do crescimento está naqueles que ganham até 2 salários mínimos, então a promessa de gás a 49 reais e aumento de 20% no sal.min. não seria a causa real?;
Não.sao os eleitores do Bolsonaro q são violentos?;
Fato!!!!;
Bolsonaro com 60%;
# JoaquimBarbosa disse que se preocupa com Bolsonaro e vai votar no # postedelula. Pois eu me preocupo com um ex-ministro do # stf votar num sujeito com mais de 30 processos.;
Bolsonaro fecha com 58,4%;
Concordo plenamente;
me arrependi gente. não troco o Haddad é nunca por esse projeto de Marina Silva. quer bancar o isentão em pleno segundo turno contra o Bolsonaro? mereceu perder mesmo. vlw flw.;
@ jairbolsonaro 100% Bolsonaro;
PODRIDÃO UMA EMISSORA PUXAR PARA UM CANDIDATO..NÃO ADIANTA O POVO TÁ COM BOLSONARO..FORA PT;
Ele não quer perder a mamata do YouTube que gera em dólar por mês milhões de reais em sua conta bancária. Vá pesquisar pra ver. O dólar já baixou hoje ... se Bolsonaro ganhar vai baixar mais ainda. Com o país na lama o dólar só tende a subir ..;
Inteligente é o Bolsonaro que não sabe falar "psicológico" e o filho que escreve "posso";
EU VOU MAIS ALÉM BOLSONARO 62% FÁCIL https://twitter.com/lsentoes/status/1056329773666967553 …;
Ibope: Jair Bolsonaro registra 54% dos votos válidos e Haddad, 46% https://www.cartacapital.com.br/politica/ibope-jair-bolsonaro-registra-dos-votos-validos-e-haddad … via @ cartacapital;
# Globolixo fazendo JN inteiro de propaganda pro tal! Fala serio!!!! @ roxmo @ joicehasselmann @ republica_ctba @ lobaoeletrico @ CarlosBolsonaro @ jairbolsonaro;
Quando o Bolsonaro ganhar, a primeira porra q ele fizer eu vou dizer EU AVISEI;
ah vai a merda porra;
Quase 10 milhões de voto de diferença que animação. kkkkkkkkk Vamos falar sério. A poucas horas das eleições, salvo erro grosseiro de todos os institutos de pesquisa, está encaminhado: Jair Bolsonaro será eleito presidente da República.;
A partir de janeiro, esse merda virará uma bonequinha para justificar essa “brabeza” GAZELINHA.;
globo mostrando a semana de haddad: mil coisas campanha do bolsonaro: to com bolsa de cocô aqui talkei;
Datafolha: Jair Bolsonaro tem 55% contra 45% de Fernando Haddad - https://bit.ly/2Jl9LFm pic.twitter.com/XNCersT64F;
PF desmonta grupo petista que planejava ato violento após vitória de Bolsonaro https://republicadecuritiba.net/2018/10/27/pf-desmonta-grupo-petista-que-planejava-ato-violento-apos-vitoria-de-bolsonaro/ …;
Bom eu não me incluo nesse "vocês" primeiramente pq ultima vez que ele foi candidato pra presidente eu tinha apenas 4 anos de idade, segundo não sou petista, vou votar no PT pq acho menos pior que o bolsonaro, mas continuo achando ruim,;
A resposta dele não merece ser reproduzida em sua integralidade, mas nela havia frases como "Bolsonaro não vai ser a salvação da pátria não, vai roubar sim, mais vai mudar muita coisa" (desfazendo todo argumento inicial dele que era o de pt, e Joaquim Barbosa, corruptos);;
deus me livre meu teste deu sonserina bolsonaro ia era ser expulso de hogwarts;
Caraca tu falou o plano de governo do Bolsonaro;
Força Presidente ! Vergonhoso o tempo dispensado que a Globo está dando ao haddad. Lamentável !;
Mas é o Bolsonaro que é ditador.!!! # AcabouaPiranhagemPT # MudaBrasil17https://twitter.com/odiodobem2/status/1056295611367112704 …;
uns jovens do shalom pararam eu, nicolas, o pai dele, a madastra para convisar a gente a participar aí passou um cara bebo do lado perguntando se a gente vontava em bolsonaro eu e nicolas ficamos calados e todo o resto disse q sim esse povo de deus tá mto mal encaminhado;
Olha isso, @ lobaoeletrico @ jairbolsonaro @ roxmo ! Ainda tem gente que vota nessa Quadrilha! # MudaBrasil17https://twitter.com/NicolasMaduro/status/1056216843516592128 …;
Segundo o Jornal Nacional, Fernando Haddad tem mais de 3 milhões e meio de seguidores em suas redes sociais. Jair Bolsonaro está quase batendo os 8 milhões apenas no Facebook, mais de 2 milhões no Instagram e quase 2 milhões no Twitter.;
Ele num desautorizou porra nenhuma, aquilo é documento público, autos de processo e ele pode é estrebuchar, mas falou. E Bolsonaro nunca foi inocentado no Mensalão, pq nunca foi parte!! Mas Joaquim Barbosa o mencionou como exemplo de deputado que não foi comprado!! Fato.;
Gostei de um vídeo @ YouTube http://youtu.be/_xPARLGhhBU?aGOVERNO … BOLSONARO. ADVOGADO DÁ A REAL SOBRE O PT: "AGORA VÃO ENFRENTAR CADA UM;
Presidente, não queira coerência de esquerdista, é incompatível.;
Acabei de ouvir aqui no ônibus que o cara disse pra namorada q votou no Amoedo no primeiro turno, pq se ela soubesse q ele apoia o bolsonaro ela ia brigar com ele;
Tá conversando besteira de votar em bolsonaro ele não gosta de mulher de sapatão nem de viado por isso eu sou mais humilde eu vou votar em HADDAD HADDAD HADDAD HADDAD;
Margem de erro 10% pra cima para Jair Bolsonaro, 10% pra baixo de Haddad # MudaBrasil17;
Abre logo o seu voto para o PT, que palhaça, sempre querendo diminuir a vantagem do @ jairbolsonaro vão ter que nos engolir!!!! Vamos acabar cor essa teia de corrupção do PT que atinge todas as mídias! # AcabouaPiranhagemdoPT;
Eu sou fã de Ivete e acredito que ela não precise dizer que é contra Bolsonaro e tudo que ele prega, pq isso fica explícito em todas suas falas. Falas como "nossa arma deve ser o amor" já esclarece tudo;
64x36 Bolsonaro Presidente do Brasil;
Fico MT decepcionada qnd vejo q meus pais votam no bolsonaro;
Bolsonaro 54% com margem de erro de 10 pontos para mais # AcabouaPiranhagemPT;
@ IBOPE_In Fake! Atuam na margem de erro, conheço estatística e vcs pesam a mão na margem de erro pra baixo pro Bolsonaro e amanhã vão desfazer na boca de urna.;
foi vc.... a culpa é toda sua.... vc realmente fez isso... obrigado Iozzi...;
meu pai tá viciado em figurinha do bolsonaro, mds pic.twitter.com/lQT1mtarKR;
Amoêdo elogia ideias liberais de economista de Bolsonaro https://noticias.r7.com/eleicoes-2018/amoedo-elogia-ideias-liberais-de-economista-de-bolsonaro-09102018 …;
Esperando uma mega reportagem sobre a última semana do Bolsonaro no JN...;
Se bolsonaro ganhar imagina como vai tá aqui na união hahahaha # fe;
Ibope entrega: BOLSONARO será ELEITO! E não deve haver fraude!!! Ufa... https://www.youtube.com/attribution_link?a=wW0-Pl92BKM&u=%2Fwatch%3Fv%3DaUfiPXiOYdU%26feature%3Dshare …;
bolsonaro quer seu voto para eliminar a corrupção e cortar dinheiro público indo para vermes via lei rouanet! fora corruptos! ptNuncaMais!;
A MAIOR MANIFESTAÇÃO DE APOIO À BOLSONARO JÁ VISTA NO BRASIL. CANINDÉ CE https://www.youtube.com/attribution_link?a=b4UHk86Og5Q&u=%2Fwatch%3Fv%3DMitiFhCRZXc%26feature%3Dshare …;
Kkkk nossa Felipe Neto vc que fez vídeo falando de fake news acredita que Bolsonaro é corrupto kkkkkkk aí man cada coisa que me aparece;
ViravotoHaddad, vai disputar a vereança. @ jairbolsonaro novo presidente do Brasil. Viva a liberdade de dizer não ao que não aceitamos. # AcabouaPiranhagemPT Adeus corruptos, bandidos e tudo que não presta.;
Com dois litros de sangue Bolsonaro se declara Juizforano e Mineiro da Gema!! Portanto nessas eleições vote em um Juizforano!! https://www.instagram.com/p/BpdLBUvFkBh/?utm_source=ig_twitter_share&igshid=1wh75jojqpn13 …;
Tem que fazer um vídeo só daqueles que vão embora do Brasil quando @ jairbolsonaro ganhar;
REDE GLOBO FAZENDO SUPER COBERTURA PARA O HADDAD.....!! DARÃO O MESMO TEMPO PARA O BOLSONARO ??;
Não entendi! Bolsonaro já é presidente? O Fascismo já se instaurou?;
Se você tá lá socado num cursinho pra prestar vestibular e entrar numa universidade pública e vai votar no bolsonaro EU QUERO É QUE VOCÊ SE FODA MUITO E TOME NO MEIO DO SEU CÚ PORQUE A PORRA DO SEU CANDIDATO QUER PRIVATIZAR TUDO FILHA DA PUTA;
Como os eleitores de Bolsonaro acreditam que vai ser! https://www.facebook.com/100000831163215/posts/1954883481216005/ …;
Legal ver a campanha do Haddad. Queria ver a do bolsonaro;
# AcabouaPiranhagemPT Bancada da Globo News sonhando iludida com vitória do Haddad, mas, se Bolsonaro for eleito, já sonha com queda de popularidade dele. Miriam Leitão, que vergonha.;
Sem debater, Bolsonaro tira poder da Globo no segundo turno https://www.terra.com.br/diversao/tv/blog-sala-de-tv/sem-debater-bolsonaro-tira-poder-da-globo-no-segundo-turno,68ef4915c552bbca05ccb2e20b300417ffqtcvhd.html …;
Hahahaha morri Hahahahaha. Amo cada dia mais. Bolsonaro é gente como a gente!!!!! https://twitter.com/pauloap/status/1056294873383559168 …;
Por que Votar em Bolsonaro? Professor Hevandrus Responde!: http://youtu.be/Gfl9ferOihU?a  via @ YouTube;
Infelizmente não consigo me decidir sobre. Acho a proposta econômica do Bolsonaro interessante, mas "fuzilar a petralha do Acre" "sou favorável a tortura" "O erro da ditadura foi não matar" me deixam com medo desse cara. Mas o Haddad...é o PT. É o que eu critiquei desde 2016.;
Bolsonaro 62%;
Kkkkkk! Amanhã será 60%! Só ainda sigo vcs pq quero ver estampado por aqui! “Jair Bolsonaro é eleito presidente do Brasil!” Talquei!? Kkkk;
EU SOU BOLSONARO!!!! # PTNUNCAMAIS;
Fica tranquilo mano , Bolsonaro ja quebrou essas pesquisas no Primeiro Turno e vai quebrar de novo , a Única que acertou é Paraná Pesquisas.;
Quando a Live do @ jairbolsonaro caiu tinha 197 mil pessoas assistindo. Eu acho que o face derrubou.;
meu novo hobby é criticar o bolsonaro em publicações antiPT e ficar em silêncio;
Falo do primeiro turno, filhão! Agora que no segundo Bolsonaro receba 10/11M a mais de votos;
Vamos aguardar o que mostrarão do @ jairbolsonaro . no @ jornalnacional;
Do Oiapoque ao Chuí estamos com Bolsonaro. Vai ser de lambança amanha. # AcabouaPiranhagemPThttps://twitter.com/PauloMeyer9/status/1056329982904070144 …;
Deus está contigo meu presidente;
Eu não vejo o Bolsonaro como essa ameaça à Democracia. Se tudo q/ aprendemos até hoje sobre essa Esquerda violenta q/ é o PT e seus puxadinhos, quando sairemos disso? Você é inteligente e sabe q/ existe sim, uma máquina estatal a favor da Esquerda.;
Contra 'ideologia de gênero', R.R. Soares declara apoio a Bolsonaro https://goo.gl/xykWcn;
Logo quem encomendou pesquisa # Globo E # Folha de São Paulo inimigos declaro # Lamentável Ibope: Bolsonaro tem 54% dos votos válidos, e Haddad, 46% https://oglobo.globo.com/brasil/ibope-bolsonaro-tem-54-dos-votos-validos-haddad-46-23191028?utm_source=Twitter&utm_medium=Social&utm_campaign=compartilhar …;
Respeito não combina com a palavra ódio, idolatria é hábito de quem defende corrupto, chamar alguém de ignorante, sem conhecer, é arrogância. Meu CEP 03081 é vivo aqui em SP há 47 anos. Se fosse brasileira e amasse a nação não votaria em corruptos Eu amo o meu país!;
Outrora Joaquim anti PT, hj herói, o que não fazem pra ganhar uma eleição! Kkkk;
Ahhhh meu, dizer que o PT sai vitorioso depois de uma diferença de 10% na a favor do Bolsonaro nas pesquisas é querer MUITO influenciar a favor do Andrade. @ GloboNews tendenciosa! Pilantras! # GNEleicoes2018pic.twitter.com/vrGXlKrQUb;
Banheiro público é mt bom, tem # elesim aí riscam, aí colocam o nunca no lugar do sim, tu olha pro lado e tem um textão dizendo q bolsonaro vai melhorar o país, aí tem um 13 em cima, aí tu olha no chão e tem frases contra o bolsonaro, ATÉ NO SEU CU TEM UM 13 E UM 17 RISCADO;
Gostei de um vídeo @ YouTube http://youtu.be/4aiek1fm1pQ?aSE  BOLSONARO GANHAR, APAGO O CANAL?;
Não tinha lido a matéria. Obrigado por compartilhar.;
Pesquisa Datafolha: Bolsonaro tem 55% e Haddad 45% dos votos válidos https://bit.ly/2Py2o33 pic.twitter.com/PJmR0fO7X0;
Pesquisa sem manipulação em tempo real Google trends Bolsonaro 70% Haddad 30% https://trends.google.com/trends/story/US_cu_JbChFWIBAADmJM_en …;
Não, o Bolsonaro disse que vai varrer os vermelhos, ou seja, qualquer um que não tenha votado nele.;
É Bolsonaro! # AcabouaPiranhagemPTpic.twitter.com/snazpnHG3W;
Presidente, esse espaço MILHONÁRIO da Globo no @ jornalnacional , pode? Isso influencia diretamente!!! Cadê a imparcialidade????;
Que matéria gigantesca de Haddad é essa Jornal Nacional???? Propaganda política disfarçada??? Vou cronometrar p ver se deram o mesmo tempo a Bolsonaro! Tá vergonhoso isso! # AcabouaPiranhagemPT;
REDE globo nao adianta e Bolsonaro 17;
CNT/MDA: Bolsonaro tem 56,8% dos votos válidos ante 43,2% de Haddad http://www.infomoney.com.br/mercados/politica/noticia/7736192 …;
Sim, tem a coisa do crime eleitoral e blá blá blá mas sabemos que isso só esta ocorrendo pq o outro candidato é o Bolsonaro. Ainda mais o show sendo na "Republica de Curitiba". # bolsonarofascista # ResistanceRiseshttps://twitter.com/moriarking/status/1056187834833534976 …;
Bolsonaro tem 68,4% do votos válidos contra 31,6% de Haddad em São Paulo https://bit.ly/2D3w9mb;
Nunca na história!! Ele virou milhões de votos em 2 semanas sendo que 94% dos eleitores de Bolsonaro não muda voto!! Vão enganar o satanás ! Nós não;
GOVERNADOR: DORIA PRESIDENTE: BOLSONARO CHEGA DE PTTTTTTT # AmanhaBolsoDoria;
Ibope e Datafolha tentam enganar mas amanhã veremos mais que 60% para Bolsonaro! Meu Nordeste mostrou que Bolsonaro venceu em 5 das 9 capitais,o poste venceu em 3 e Ciro apenas em 1! # AcabouaPiranhagemPT;
Ibope aponta Bolsonaro com 54% e Haddad com 46% http://bit.ly/2Jj1OjN;
PARA REFLETIR SOBRE O MOMENTO QUE A Globo tenta né? Amanhã a gente responde. ESTAMOS VIVENDO. (E é escrito por um lúcido pensador da esquerda). DE ONDE SURGIU BOLSONARO? (por Gustavo Bertoche - Dr. em Filosofia )... https://www.facebook.com/1606947005/posts/10216203913523001/ …;
o haddad se fudeu a semana inteira fazendo campanha e o merda do bolsonaro ficou em casa falando merda;
# videoshowapp made with @ videoshowapp vou votar em Bolsonaro 17! pic.twitter.com/0p3g5rLMIZ;
Pois entao cite vida politica dele na prefeitura de São Paulo. E o ajude a ganhar voto do povo a favor do bolsonaro.;
Capitão não iremos aceitar fraude...TA CHEIRANDO FRAUDE NESSA GLOBO PODRE...LAMBENDO A BUNDA DO MALDDAD;
Não acredito 1 segundo nessas pesquisas........vai ser pelo menos 57% para @ jairbolsonaro ....;
Claro, Bolsonaro vai fazer muitos cortes, que vai atingir até a grande globo, por isso esse apoio ae # JNhttps://twitter.com/Lysinha/status/1056334032101892096 …;
Se a mídia é contra Bolsonaro, Deu 54% a 46% ?imaginem a realidade #17;
Globo falando sobre o Haddad e o que tem feito na campanha há mais de 5 minutos não será preciso falar sobre Bolsonaro pq assim como no cargo de deputado, como candidato, não faz nada;
Lutaremos até a última hora!;
Gostei de um vídeo @ YouTube http://youtu.be/R3GyYR2_PyY?aNOSSA … ÚNICA CHANCE É ELEGER BOLSONARO PRESIDENTE. EM SÃO OU É DÓRIA OU O PT;
Está difícil para estes jornalistas engolirem a vitória de Bolsonaro, eles ficam projetando isto e aquilo, como se alguma coisa fosse mudar o panorama, não existe imparcialidade, esquerdistas públicos e notórios.;
se marina silva, cristovan buarque, soninha francine, joaquim barbosa e rodrigo janot não te convencem que votar no haddad é melhor q Bolsonaro eu simplesmente acho q seu problema é psiquiátrico. procure ajuda;
No aguardo da material igual a do bolsonaro caso o contrário ficou ridículo pros caras;
agora é nossa hora força;
Sem conta que a pesquisas foram realizada pelo Jornal partidário Brasil247, realmente estão tentando manipular a população, pois a vitória de Bolsonaro esta cada vez mais perto, desespero pelo poder e dinheiro publico dessa lanha me da nojo!;
É impressão minha o Andrade tem um espaço no JN maior do que @ jairbolsonaro . Eu nunca mais tinha assistido JN e estou enojada. # AcabouaPiranhagemPT;
ô @ jairbolsonaro caixa dois esse papo eh pra voce: VAI DA PT VAI DA VAI DA PT VAI DA;
qnd o Bolsonaro ganhar eu dou;
Amém;
Taxaram Bolsonaro de violento por ser duro nas palavras (foi o defeito que se pôde encontrar), mas qual atitude violenta pode ser alegada?;
Live do Bolsonaro. Olhem só a mega estrutura Kkkkk https://www.facebook.com/enos.alvessantos.5/videos/1911218992258744/ …;
Tava pensando em votar no bolsonaro, mas quando eu li isso... Puff, continuo no 17. # BolsonaroSim # BolsonaroPresidenteEleito # B17sim;
Se o bolsonaro ganhar Brasil vai virar uma partida de free fire;
Quer conversar, parceria?;
TSE autoriza que representantes de Bolsonaro e Haddad acompanhem apuração - https://www.oantagonista.com/brasil/tse-autoriza-que-representantes-de-bolsonaro-e-haddad-acompanhem-apuracao/ …;
ainda espero o dia q alguém irá me convencer q bolsonaro eh um cara bom p brasil os argumentos são fracos e tentam convencer a todo instante que ele n fará o que promete nos discursos de ódio pt eh uma desgraçada e muita gente não se orgulho desse voto mas sinceramente? ele não.;
O partido do Bolsonaro tem mais indiciados pelo Moro na Lava Jato que o do Haddad. Se for por questão de partido Bolsonaro não tá bem;
O senhor é a única esperança por um futuro bem melhor para a minha irmã de 2 anos. Estarei rezando por ti, capitão...;
tomara que nos planos de extermínio do Bolsonaro estejam incluídas crianças que gritam;
Gostei de um vídeo @ YouTube http://youtu.be/R3GyYR2_PyY?aNOSSA … ÚNICA CHANCE É ELEGER BOLSONARO PRESIDENTE. EM SÃO OU É DÓRIA OU O PT;
Rede Lixo Globo no JN de hoje babado o ovo de Haddad! Estão desesperados com o medo do Bolsonaro! B17 vai cortar a mamata da Globo lixo!;
I liked a @ YouTube video http://youtu.be/uKwKyUuColM?a  KIM KATAGUIRI AO VIVO FALA DE PRONUNCIAMENTO DE BOLSONARO;
Bolsonaro: “Se eu assumir, índio não terá mais 1cm de terra” http://www.esquerdadiario.com.br/Bolsonaro-Se-eu-assumir-indio-nao-tera-mais-1cm-de-terra …;
Globo exibindo uma reportagem sobre a semana de campanha de Haddad e minha mãe diz: "você vê que só mostra o Haddad né?", eu disse: "claro, Bolsonaro nem fez campanha".;
Bolsonaro 17 amanhã;
Aqui na minha cidade se eu for assim eu viro o vermelho mas de sangue mesmo, Bolsonaro nem foi eleito mas já existe censura por parte dos seus eleitores;
27/10/2018 - BOLSONARO VENCEU A ELEIÇÃO - Se até o mais comunista dos institutos deu 10 pontos a mais para o Bolsonaro, a diferença será superior a 75% para Bolsonaro, como foi no primeiro turno. https://g1.globo.com/politica/eleicoes/2018/noticia/2018/10/27/datafolha-para-presidente-votos-validos-bolsonaro-55-haddad-45.ghtml?utm_source=facebook&utm_medium=share-bar-desktop&utm_campaign=share-bar …;
# GloboLixo através do Jornal Nacional fazendo uma bela matéria para o Haddad. É incrível a falta de caráter do editorial desta empresa. Olha aí @ jairbolsonaro # MudaBrasil17 # MudaBrasil17;
OLHA AÍ O MENTIROSO CORRUPTO FORA LULA CORRUPTOS E TODA CORJA DO PT BOLSONARO NELES 17 https://www.facebook.com/100002805729843/posts/1433378596765651/ …;
TIRA HADDAD E BOLSONARO COLOCA DORIVAL FEZ MARLOS MORENO FAZER TIRARNO BRASIL DA MISÉRIA EH FACIL;
Globo fazendo campanha agora pro Haddad...podre! Mesmo assim não vai vencer @ jairbolsonaro;
A Vitória é nossa Capitão nos honrem seja um bom presidente.;
Síndrome do pequeno ditador! Não ao ódio e a intolerância de Bolsonaro! # ViraVotoHaddad13;
Não vai mudar em nada.. Bolsonaro já ganhou!!;
Bolsonaro foi esfaqueado por um militante da esquerda! Não pôde fazer campanha nas ruas! Quando fazia arrastava multidões! Não podemos deixar que o ataque a Bolsonaro atinja o seu objetivo! # SomosTodosBolsonaro # MudaBrasil17;
Pois é.. e o povo gritando e clamando voto ao pt... Psl e Bolsonaro sem nenhum tostão estão lutando... E eles.. enganando a todos... A justiça divina n falha... Logo eles serão julgados....;
Deus está acima de todos e confundindo os corruptos e seus companheiros q estão apavorados. Deus levantou um exército de brasileiros q amam este país e juntos somos milhões. Agora é;
O # JN faz a edição dos sonhos do Andrade: emocionante e dinamizadora. Vamos ver como será com Bolsonaro.;
Foda é a globo fazendo propaganda do haddad agora no jornal nacional... Vamos ver se o Bolsonaro vai ter onmesmo tempo!;
E a máscara caiu. O bom que a internet não deixa esquecer...;
*DESMORALIZAÇÃO DA PESQUISA IBOPE, DATA FOLHA e da GLOBO!* *URGENTE: PESQUISA Tracking BTG* Acabou de Sair para o Mercado Financeiro: *Bolsonaro 77%* *Haddad 23%* *PS: Votos válidos*;
todo mundo q n vota no bolsonaro é burro para os eleitores do bolsonaro;
Bolsonaro não https://twitter.com/djongadorge/status/1056332746967183361 …;
Em Cancun, onde estou com meu marido comemorando nossa Bodas de Prata, os brasileiros que conversei estão crendo na mudança.. @ jairbolsonaro Deus lhe abençoe, Capitão! Vamos tirar essa petralhada do poder! avante!;
Haddad: políticos de outros partidos e antipetistas dizem que Bolsonaro não dá https://www.jb.com.br/pais/eleicoes_2018/2018/10/951293-haddad-politicos-de-outros-partidos-e-antipetistas-dizem-que-bolsonaro-nao-da.html#.W9T70FxO6Jo.facebook …;
DATAFOLHA (votos válidos) Jair Bolsonaro: 55% Fernando Haddad: 45% # MudaBrasil17 # AndradreJaEra # NemVemQueNaoTemPT # InstantesFinaisDoPT # AndradePaiDoKitGay # AndradeVaiViraPresidiario # NordesteÉ17 # JairBolsonaropresidenteEleito # 13MilhoesdeDeDesempregados;
Sério.... q bosta.;
"ah mas o Bolsonaro nao fez nada" ata blz;
Com certeza Haddad vai dizer que "Um Eleitor de Bolsonaro o AGREDIU" pic.twitter.com/USzAOLRFsq;
É MEU VELHO DESSA VEZ NÃO DEU PRA FAZER O EMPATE TÉCNICO PARA PODEREM FRAUDAR, POIS NA VERDADE O BOLSONARO ESTÁ DANDO UMA SURRA NO PT. VAI FICAR 60% A 40% KKKKKKKKKKKKKK;
Tem alguma coisa aí, ele foi o primeiro a sinalizar apoio ao Haddad, o PDT expulsou candidatos que tentaram apoiar Bolsonaro.;
Pra quem não pesquisa isso é verdade okpic.twitter.com/s6DXdjFx1U;
Antes que os eleitores do Bolsonaro critiquem, vai mostrar ele também. Então crianças não chorem # JornalNacional # ViraVirouHaddad13;
Pesquisa DATAFOLHA (votos válidos) Jair Bolsonaro: 55% Fernando Haddad: 45%;
NORDESTE ARREBENTA na última Campanha - BOLSONARO PRESIDENTE https://youtu.be/DsepdXMDU6g  via @ YouTube # Nordeste # BAHIA # salvador # cristãos # Eleições2018 # abortonão # evangélicos # católicos # LulaTaPresoBabaca # PTnao # Brasil # PTmarxista # jovens # TSE;
Mais um cabo eleitoral do BOLSONARO. # MudaBrasil17;
Fico imaginando vc, tipo amanhã. "Não vou votar no Bolsonaro. Mas se ele ganhar ? O que eu faço ? Torço pra dar certo ou rezo pra tudo dar errado ??" E aí Biz... conta pra nós;
já tô até sentindo a meia hora de documentário também do bolsonaro;
Aí o babaca @ jairbolsonaro dizendo que não teve envolvimento com o mensalão, em 2005 foi do PTB e PFL, maiores envolvidos no esquema. Como esse canalha não fez parte do mensalão. https://twitter.com/joaquimboficial/status/1056225862847262720 …;
Acabei de escutar que casal homossexual que adotam crianças é para abusar molestar elas kkkkkkkkkkk cara eleitores do Bolsonaro tem merda na cabeça cara mas que comprovado;
Real Time Big Data: Bolsonaro com 55% dos votos válidos https://www.edmarlyra.com/real-time-big-data-bolsonaro-com-55-dos-votos-validos/ …pic.twitter.com/uT0T1PuxPE;
Vendo as várias viagens do Haddad pelo Brasil eu fiquei pensando: mesmo com atentado e não saindo praticamente de casa, Bolsonaro está na frente. De certa forma é impressionante.;
jornal nacional mostrando a última semana de campanha dos candidatos e só vemos o haddad indo em evento atrás de evento... do bolsonaro só vai mostrar ele em casa se coçando # ViraVotoHaddad;
Eu tava no grupo do condomínio e começaram a falar sobre Bolsonaro, mandei um textao dando meu posicionamento e não falei mais. Depois disso, dois vizinhos me chamaram, um querendo q eu falasse mais sobre isso e outro dizendo que vai repensar o voto. # ViraVotoHaddad13;
Só tem usurpador do dinheiro que pagamos os nossos impostos.;
Gente do ceu !!! a lixo globo esta a mais de 15 minutos passando reportagem do Haddad na TV, pelo amor de Deus é gritante a campanha a favor do PT, mas pode deixar a hora deles vai chegar Bolsonaro neles !!!!!;
Nunca tive dúvidas do mru voto em @ jairbolsonaro # Bolsonaro17 # Elesim # NaoVemQueNaoTemPT;
Atenção não fotografem seu comprovante de voto . Bolsonaro não está pedindo isso , e pior , *pode configurar crime eleitoral Não enviem NADA para Bolsonaro* isso é fake News contra o capitão . Todo cuidado é pouco . Pesquisem antes de enviar conteúdo;
Deputado @ MarceloFreixo afirma em vídeo que Bolsonaro defendeu a legalização das milícias. https://www.revistaforum.com.br/freixo-afirma-em-video-que-bolsonaro-defendeu-a-legalizacao-das-milicias/ … * # ForaBolsonaro # DigaNãoAoFascismo;
Não importa pra onde o Brasil correr, vai dar merda de qualquer jeito Bolsonaro é um imbecil e o Haddad é outro, é Brasil fodeu;
Não adianta @ RedeGlobo não vai ter golpe sujo na eleição para presidente. Vai ser Bolsonaro presidente # B17 # FORAPT;
Meu professor de redação é brabo;
O meu número é 61% para o 17 mito @ leandroruschel @ jairbolsonaro https://twitter.com/leandroruschel/status/1056334257864560643 …;
Fake News para estimular uma “virada” pode, né? 1º turno, diferença Bolsonaro/Haddad: - Vox P. = 9 pontos - Paraná Pesquisas = 15 pontos - DataFolha = 15 pontos - Ibope = 16 pontos - VIDA Real = 17 pontos;
# GNEleicoes2018 quero ver a @ MiriamLeitaoCom noticiar o novo presidente @ jairbolsonaro trouxa;
A Globo neste momento fazendo um documentário sobre o Andrade mentiroso!! # GloboVergonhaNacional;
Só AntiBolsonaros mesmo para acreditar ou fingir que a pesquisa da Globo, que passa propaganda do "Maldade", a cada intervalo da novela das 21h, que quem votou no Bolsonaro no primeiro turno mudou de ideia!... https://www.facebook.com/100002917919252/posts/2533653146741924/ …;
vai dar 58 a 42 pró Bolsonaro;
se você quiser eu vou ir contra o Bolsonaro na mesma veemência, e outra, estou dizendo há séculos que pra mim Bolsonaro não, e continuam dizendo que eu pareço um deles...;
Mais democrático que isso?;
Acho a CNT mais próxima da realidade, mas a datafraude dando 10 pontos percentuais de vantagem para o Bolsonaro é algo raro... # AcabouaPiranhagemPThttps://twitter.com/BlogDoPim/status/1056332686489468928 …;
Não. É anti Aécio e anti Bolsonaro. O que a gente é amiga é primeiro turno. PRIMEIRO TURNO.;
# JN deu espaço longo pra Haddad mostrar a agenda da semana. Vamos ver se Bolsonaro terá o mesmo tempo ou de beneficiou o petista;
Pesquisa CNT/MDA: Bolsonaro chega a 56,8% e Haddad, 43,2% http://va.newsrepublic.net/s/yvwfrv;
Vai ter muita gente com medo e depois alegam repressão ,e o Capitão Bolsonaro, vai surpreender muita gente. E sempre resguardado pela lei pois já deu provas de amor a Pátria e respeito por todos os brasileiros. # AcabouaPiranhagemPThttps://twitter.com/lobaoeletrico/status/1056309912702238721 …;
NOSSA ÚNICA CHANCE É ELEGER BOLSONARO PRESIDENTE. EM SÃO OU É DÓRIA OU O PT VOLTA. # JornalDaJoicehttps://www.youtube.com/attribution_link?a=H2o3xNj13K4&u=%2Fwatch%3Fv%3DR3GyYR2_PyY%26feature%3Dshare …;
Isso mesmo Rosa Weber a hora é de colocar a democracia no eixo, o senhor Bolsonaro tem muita culpa nessa desestabilização, sabe porque, ele queria isso, fez tudo calculado, usou artifícios psicológicos básicos para influenciar a mente das pessoas. https://twitter.com/g1politica/status/1056333757676949504 …;
BOLSONARO TEM UMA RAQUETE IMPORTADA PARA MATAR MOSQUITOS E NÃO TEM NOTA FISCAL. CASSEM ELE. KKKKKKKKKKKKKKKKKKKKKKKKKKKK;
Eu se o Bolsonaro ganhar /// Eu se o Haddad ganhar pic.twitter.com/7K61V8JLRe;
Não sei porque ainda assisto a Globo news, vocês todos jornalistas, não perdem a mania de querer dizer que o PT está bem na foto, quando vemos na rua que o Bolsonaro vai ganhar as eleições com grande margem de votos.;
Não voto Bolsonaro, mas é bom ver ambos os lados contra esse boçal do Dória;
68% Bolsonaro;
Pesquisa Datafolha: Bolsonaro tem 55% e Haddad 45% dos votos válidos https://bit.ly/2Py2o33 pic.twitter.com/r3eYHruGuA;
Amanhã É 17 Bolsonaro. pic.twitter.com/H0tcbCwrTc;
eu aqui deitada e ela “vem pra sala pra gente tomar um vinho enquanto falamos mal do bolsonaro” kkkkkkkk;
O maior dano da facada foi a de ter tirado do Bolsonaro o direito de fazer campanha no meio do povo. Se tivesse conseguido concluir suas visitas em cidades, seria no primeiro turno.;
Pesquisa certa votos válidos Bolsonaro 67% Haddad 33% Se quiserem posso apostar. Desde que não mexam nas urnas;
Só tem videos de curiosidades sobre o mundo, praticamente tem nada demais. É tipo "pessoas mais altas do mundo" ou "pessoas mais gordas do mundo".Eu n gostava porque todo mundo falava mal até eu assistir um e ver que não tinha nada demais, é mais curiosidade, coisas sobre animais;
hummmmm... que agressivo .... intolerante .... lacrou ...hummmm KKKKpic.twitter.com/9UsHu9yxEm;
Deus te abençoe e proteja a gente;
Os erros absurdos foram pra governador, pra presidente dedam Bolsonaro com 41 e ele fez 46. Vamos ver amanhã. https://twitter.com/aiala062/status/1056333690253594625 …;
Brasil merece ser novamente potencial mundial! Vamos a trocar amanhã . @ jairbolsonaro vai ser quem limpie esa merda de izquierda.por un brasil seguro !;
Estou desde hj cedo, elétrico.;
ditadura tem haver com um voto anti-fascista pelo simples fato que se vc vota no pt vc ta compactuando com essas merdas. por mais que ele seja contra o bolsonaro, como libertário o mais coerente seria ele anular o voto.;
Bolsonaro eo crlho..;
Vejam quem é Bolsonaro, o candidato que defende grupos de extermínio: https://www.sul21.com.br/colunas/marcos-rolim/2018/10/ponta-da-praia/ … Não vote em um monstro! # ViraVotoHaddad13https://twitter.com/portalR7/status/1056330956355694593 …;
A Istoé fez uma capa vagabunda safada defendendo Bolsonaro. Vocês sabem a última vez que isso aconteceu, né? O último salvador deles era Aécio.;
Quem usa o argumento econômico para votar no Bolsonaro pode tirar o cavalinho da chuva. No social pode haver o começo de um mudança e a volta do rap crítico as paradas de sucesso.;
Casa do puteiro é o congresso nacional onde o Bolsonaro mamou por quase 30 anos.;
Agora o jogo está sinistro!!! Bolsonaro neles!!! # bolsonaro # bolsonaro2018 # mito # b17 # schubertjiujitsu # graciejiujitsu # schubert # schubertbjj # jiujitsu # judo # mma # jiujitsucuritiba… https://www.instagram.com/p/BpdLLXwgM6m/?utm_source=ig_twitter_share&igshid=mik4bgra7jd6 …;
Desde ontem que não durmo direito, ansiosa por demais meu presidente;
Duas caras @ joaquimboficial ??? Meu voto é @ jairbolsonaro com orgulho! https://twitter.com/SalomaoSimara/status/1056312612634402816 …;
@ jornalnacional picareta demais! Foram na casa do Haddad, foram na PUC. Isto é cobertura exclusiva!! @ leandroruschel @ jairbolsonaro @ lobaoeletrico. Absurdo!;
Olha só o sonha dela e conhecer o Bolsonaro pic.twitter.com/G1HL209T0k;
Não aguento a Jaene argumentando com o pai dela sobre o Bolsonaro kkkkkkkkkkk;
Bolsonaro 64% Hahahahahahaha;
A Malddad vai perder depois vai alegar que fraudaram a urna pro lado do Bolsonaro https://www.facebook.com/viniciuszelante/posts/2090506417666453 …;
Não deixe que seu ódio pelo Bolsonaro seja maior que o bem de um país # ViraVotoHaddad13;
Acho que já morreu;
Pouco tendenciosa essa reportagem sobre o Andrade! Diz pra moça que o @ jairbolsonaro tem 5,4mi de seguidores SOMENTE no Instagram!;
Vergonhoso a campanha que a Globo esta fazendo agora do Haddad no JN da Globo. Incrível!;
Devia ter cronometrado pra comparar com o do bolsonaro.;
"Após Fala Desastrosa" Reinado Esculacha Mourão e Bolsonaro "Então a Alemanha é Comunista? https://youtu.be/2Z6PtMw-BBk;
que que tem a ver o impeachment com o bolsonaro? O bolsonaro não tem uma chapa grande entende? Hoje em dia ele tem.. mas nunca teve. Dentro lá da câmera e do senado você precisa ser bonzinho, fazer o que os maiores querem, precisar ter uma máfia. Coisa que o Bolsonaro nunca teve.;
Não vou atacar Ciro. Tem os motivos dele. Nos bastidores da política acontecem coisas bizarras que a gente não faz ideia... Sob o ponto de vista estratégico o Ciro perde a admiração das pessoas que hoje morrem de medo do Bolsonaro metralhar opositores. Pior: E se ele metralhar?;
A Andreia Sadi agora na Globonews, disse q segundo as pesquisas, o eleitor q vota no Haddad é o q tem mais medo e o q vota no Bolsonaro é o mais otimista, o q tem mais esperanças. Acho q é bem por aí mesmo, mas esse "medo" acho q é muito oportunismo e terror psicológico também.;
Lula ainda tá vivo, então tudo certo, vai dar bolsonaro https://twitter.com/uaignes/status/1055871081209323520 …;
o namorado bolsominion tá espumando pq o bolsonaro tá caindo;
Segundo o IBOPE Essa é a margem de erro dele 5% para mais o Andrade e 5% para menos o bolsonaro.;
I liked a @ YouTube video http://youtu.be/R3GyYR2_PyY?a  NOSSA ÚNICA CHANCE É ELEGER BOLSONARO PRESIDENTE. EM SÃO OU É DÓRIA OU O PT;
Vão se fuder globo filha da puta!!! Bolsonaro presidente!;
# AcabouaPiranhagemPT Amanhã vamos tirar a bunda do sofá e ir votar, o Brasil precisa de todos nós unidos e misturados votando 17 Bolsonaro e confirmando o nosso presidente do Brasil.Muita atenção e paciência.Não vamos permitir fraude.Denuncie,não saia da cabine,chame a polícia;
O BOLSONARO MANDOU RECADO EM VIDEO PRO DR VICTOR SORRENTINO GENTE EU QUERO @ jairbolsonaro me manda um abraço tbm? E se possível me adota? # B17 # MudaBrasil17 # Eleições2018 # Bolsonaro;
Meu número para amanhã: Bolsonaro com 59% dos votos. Qual é o seu número?;
Eu apoio o Bolsonaro Mas meu, que cara idiota;
PRESIDENTE DE VERDADE MOSTRA SUA EQUIPE. BOLSONARO 17 # elesestãodesesperados https://www.facebook.com/dboc.comunicacoes/videos/1989354031133860/ …;
17 é bolsonaro.;
# AcabouaPiranhagemPT # MudaBrasil17 Bolsonaro neles!! https://twitter.com/JoelAlexandreM/status/1056332983056166913 …;
Eu converso de boa, mas não vai alterar meu voto... o PT é contra tudo que eu acredito, Bolsonaro não é liberal de um dia pro outro, sempre foi um estadista, não confio na mudança tão rápida. https://twitter.com/urrsullaa/status/1056333112932818944 …;
Que vergonha a edição do JN , mostrando Haddad, claramente parcial, não escondeu a preferência., mostrou aliança, Haddad tocando Violão, piano, filhos, multidão kkkkk tudo paz ,amor e família. É uma manipulação que dá nojo. Mas não colou @ RedeGlobo . Vai dar @ jairbolsonaro;
Haddad http://pop.star  agora no JN??? Pode isso, Arnaldo?;
ELEIÇÕES 2018 | Datafolha: Bolsonaro, 55% Haddad, 45%; Ibope: Bolsonaro, 54% Haddad, 46%; https://bit.ly/2D8bKML pic.twitter.com/71SsXWJbf4;
Comedor de bosta é quem aceita defender o PT e acreditar que está tudo bem com o governo que eles fizeram no Brasil!! Quem está ganhando a batalha não precisa se expor com um debate! # aceitaquedóimenos;
Festinha massa, patrocinada pela D. Rouanet.;
mas baseado em que vc acredita num governo progressista de bolsonaro? pq eu li o plano de governo que ele apresentou e as poucas entrevistas que ele participou e não tinha nada que apontasse pra isso;
Joaquim Barbosa e Rodrigo Janot declarando voto em Haddad, Bolsonaro impetrando ação para censurar a @ folha, diferenças diminuindo... QUE FIM DE ELEIÇÃO! Pena tantos tumultos, mentiras e ódio.;
Deus no controle Capitão! Fé e foco.;
Quem é fraco paga um matador para neutralizar o inimigo. Vcs tiveram a chance de estarem no poder, e fizeram merda. Mano Brown, Cid Gomes assumiram isso, e falaram somente a verdade como crítica construtiva.;
Caso você ganhe, a vitória não será sua. Será da mentira, das Fake News, da manipulação. E a verdade aparecerá.;
pelas pesquisas divulgadas agora pouco o mais provável é que Bolsonaro vença a disputa amanhã. A onda de crescimento de Haddad é bastante importante para sinalizar para o novo governo e o novo parlamento que a sociedade não compra a agenda conservadora sem questionamento;
Falou tudo! Vários que se elegeram graças ao Bolsonaro não o estão apoiando da maneira que esses fizeram! Parabéns ao @ kimpkat @ mamaefalei @ FernandoHoliday;
O que Bolsonaro já disse de fato sobre mulheres, negros e gays https://brasil.elpais.com/brasil/2018/10/06/politica/1538859277_033603.html …;
DITADURA na escola que você estudou não tinha história não????;
Se o Bolsonaro for eleito o primeiro que falar mal do meu Mengão vai rodar!! # Flamengo;
Vem morar no Brasil para ver a insatisfação q sofremos por causa da corrupção e do alto nível de violência, tá aí no bem bom no Canadá e não sabe o q sofremos. Bolsonaro não é melhor opção, mas melhor tentar em um novo, do q votar sabendo q continuará a mesma coisa de sempre;
oi bot do bolsonaro vc foi paga com caixa 2???;
NOSSA ÚNICA CHANCE É ELEGER BOLSONARO PRESIDENTE. EM SÃO OU É DÓRIA OU O... https://youtu.be/R3GyYR2_PyY  via @ YouTube;
# ViraVotoHaddad13 bolsonaro AINDA liderando. EU: pic.twitter.com/iu9RKn8MZd;
É muito voto!;
Bolsonaro com amor e com coragem! # MUDABRASIL # Asperançavenceraomedo https://www.facebook.com/1729744584/posts/10205324846037207/ …;
Estou sendo assaltado neste momento, por favor, algum conhecido ou desconhecido ao ler esta mensagem se puder faça alguma coisa, socorroooooo, a 16 anos que o PT nos assalta, (amanhã aperte 17 na Urna) para esse sofrimento acabar! Por favor! @ FlavioBolsonaro @ jairbolsonaro # B17;
Disse, a Caixa é preta mesmo;
*DESMORALIZAÇÃO DA PESQUISA IBOPE, DATA FOLHA e da GLOBO!* *URGENTE: PESQUISA Tracking BTG* Acabou de Sair para o Mercado Financeiro: *Bolsonaro 77%* *Haddad 23%* *PS: Votos válidos* Temos Que *Espalhar... https://www.facebook.com/100000506869675/posts/2438874022806136/ …;
@ jairbolsonaro # AcabouaPiranhagemPT O Jornal Nacional está fazendo um programa todo voltado para o PT hoje. Vergonha!!!;
Fique à vontade pra escolher Bolsonaro!;
O PT foi absurdo com o Ciro. E a gente vai ter Bolsonaro presidente pelo PT não querer perder protagonismo por absolutamente motivo algum além de “ah o povo a o golpe”. Além das maracutaias que fizeram diretamente pra enfraquecer ele. Pessoal é foda.;
Bolsonaro é meu piru;
Malafaia fez campanha para.o Bolsonaro no programa do Raul.Gil.e o TSE não fez nada.;
Eleitor de Bolsonaro fica mais fiel na reta final da eleição, diz Ibope https://exame.abril.com.br/brasil/eleitor-de-bolsonaro-fica-mais-fiel-na-reta-final-da-eleicao-diz-ibope/ …;
# ViraVotoHaddad13 passando.pra dizer que o meu presidente será @ jairbolsonaro;
Acreditamos no Senhor Presidente Seremos vitoriosos e que Deus ilumine sua administração. # SomostodosBolsonaro;
Espero que tenha também do Bolsonaro;
53 Bolsonaro;
Bolsonaro prega apuração paralela e evita clima de já ganhou - http://www.agenciabr.com.br/noticia/bolsonaro-prega-apuracao-paralela-e-evita-clima-de-ja-ganhou/ …pic.twitter.com/SkWpa8KFmD;
vem logo!!!!!!!!;
Anteontem Recebí um e-mail da Avaaz. Fiquei bastante surpresa ao ler o conteúdo. Exaltando o "Poste" e descacterizando a boa imagem do meu Presidenciável, Jair Bolsonaro. Não respondi ao apelo de acessar vários links deles e me sentí INDIGNADA pela invasão do meu e-mail. https://twitter.com/leandroruschel/status/1056151954626371584 …;
Primeira Epístola aos Coríntios 1 (28) e Deus escolheu as coisas humildes do mundo, e as desprezadas, e aquelas que não são, para reduzir a nada as que são..pic.twitter.com/9Qk43Z3IF4;
Errou nego! Os q votam no Bolsonaro são os de melhor escolaridade (e renda) são os q não dependem de esmola da sociedade, tá bom!;
A essa altura, o voto nulo e branco é pró Bolsonaro. Não há como negar, e ninguém nega, desvios e erros nos governos petistas. Mas também houve muitos acertos e desenvolvimento, precisamos admitir. A crise vai ser superada com o suor dos brasileiros e não com bravatas. Parte 1.;
....TOMARA QUE TENHAM ERRADO MESMO!....E QUE O @ jairbolsonaro , TOME JUNTO AO @ TSEjusbr , AS PROVIDÊNCIAS, PARA QUE SE COIBAM TAIS PESQUISAS!....https://twitter.com/GuissMarcia/status/1056333133119963136 …;
Erraram no primeiro quando colocaram Bolsonaro com 36% e certamente estão errados. O Brasil cansou do PT;
As eleições brasileira há tempos vem baixando o nível de forma grotesca, mas esse ano o PT e o @ Haddad_Fernando foram até o inferno!!! # forapt # PTNuncaMais;
Brazil,um sonho intenso,um Raio vivido, De Amor e de Esperanca a Terra desce Se em teu formoso ceu, risonho e limpido A imagem do Cruzeiro Resplandece. @ FlavioBolsonaro @ CarlosBolsonaro;
São Judas vai dar Bolsonaro Presidente 17! Amém;
# jornalnacional passando um tempao falando do haddad. Vamos ver se vao dar o mesmo sentimento positivo pro bolsonaro.;
# ViraVotoHaddad13 Passando para confirmar que # NãoVaiTerVirada # AcabouaPiranhagemPT # MudaBrasi17 # BolsonaroPresidenteEleito # NordesteÉ17 Datafolha: Bolsonaro vence eleição com 55% dos votos válidos https://exame.abril.com.br/brasil/datafolha-bolsonaro-vence-eleicao-com-55-dos-votos-validos/?fbclid=IwAR1qOtlN_yVWo3M3thm6zTr-PtGTUlOqqSh8XGH2J25pnPoFzUpxNHf-W4c …;
Acredito que a maioria esmagadora dos eleitores do Bolsonaro não confia na urna, ou seja, quase metade dos eleitores do Brasil não confia nas urnas. É de uma irresponsabilidade gigante do TSE ta pouco se fodendo para isso. É brincadeira...;
O BRASIL QUE EU QUERO? Ciro trabalhando no SPC; Haddad vendendo gás; Bolsonaro como Presidente;
O Senador Magno Malto demostra revolta pela atitude desleal do Candidato do Novo em Minas Gerais (Romeu Zema) que no primeiro turno se beneficiou do nome do presidenciável e agora se une ao PT contra Bolsonaro... Magno Malta pede para o povo não... https://www.facebook.com/portaldagerais/videos/190810941808304/ …;
Amanhã, alem de eleger o presidente Bolsonaro, vamos desmoralizar 4 símbolos malignos. pic.twitter.com/AbaQraVM38;
Não sei como é ai em Minas, mas aqui no sul, voto anti-pt é gigante. Votar no PT não é uma opção para a população. Aqui em Londrina, Haddad fez 6% no primeiro turno. No segundo, vai dar uns 80% pro Bolsonaro. Acredite, você não pode dizer em público seu voto no PT NUNCA.;
[URGENTE] TSE acata pedido de Bolsonaro e autoriza participação de representantes do PSL e do PT na apuração dos votos https://diarioconservador.com/2018/10/27/tse-acata-pedido-de-bolsonaro-e-autoriza-participacao-de-representantes/ … via @ conservadordc;
Bolsonaro q Alexandre frota como ministro da cultura teremos bolsa filme porno e Wi-Fi nas praças públicas pra entra no xvideo teremos apio ao cinema nacional porno a lei Rouanet vai para de dar dinheiro p Teatro e vai da dinheiro p filmes pornô esse é o Brasil q eu qro;
Pois é,tudo isso acontecendo em governos do PT que nunca fez nada pra mudar essa situação, mas a partir de amanhã a culpa de todos esses males será unicamente de Jair Bolsonaro.;
O Brasil já escolheu! É Bolsonaro presidente;
https://m.oglobo.globo.com/cultura/o-voo-da-galinha-10204449 … O voo da galinha - Jornal O Globo;
É tudo nosso Presidente # MudaBrasil17 # Eleicoes2018pic.twitter.com/sfShTQGTon;
Eu tenho aqui pra mim que quando bolsonaro descobrir que é só um fantoche na mão dos caras, que os militares dão zero fodas pra ele, ele morre de desgosto;
Brasileiro de bem= homens e elite. Kkk entendi;
Padres apoiando o Bolsonaro Juro que não estou entendo mais nada...;
Recebi hoje umas 10 ligações das operadoras pedindo pra pelo amor de Deus para eu continuar usando o meu 4g como venho usando nesta campanha do @ jairbolsonaro;
Imprensa internacional destaca "ampla vantagem" de Bolsonaro no 2º turno https://noticias.uol.com.br/politica/eleicoes/2018/noticias/agencia-estado/2018/10/08/imprensa-internacional-destaca-ampla-vantagem-de-bolsonaro-no-2-turno.htm …;
Bolsonaro se surpreende com jornalista ao dizer que ele foi Enviado por... https://youtu.be/I1X11ClCdDw  via @ YouTube;
# MudaBrasil17 ESTAMOS Todoa na mesma TRINCHEIRA CAPITÃO!!! # BolsonaroPresidenteEleito;
Em nenhum momento o Radade chegou perto do nosso futuro presidente, nem nas nas pesquisas tendenciosas compradas pela imprensa e rede de TV comunas !!! Se não der Bolsonaro amanhã será FRAUDE !!! # B17;
Propaganda canalha da @ RedeGlobo pro poste do presidiário! Quase 10 minutos no Jornal Nacional! @ jairbolsonaro # MudaBrasil17;
Datafolha: Bolsonaro tem 55% e Haddad, 45% Ibope: Bolsonaro tem 54% Haddad, 46% Interessante é que todos os analistas da TV falam que no Rio, o Wilson Witzel com 53%, Eduardo Paes com 47%, não está definido. É empate técnico. Quando se trata de Haddad e Bolso... está definido;
O Lula NÃO foi, quem é cagao???;
Vamos deixar isso se repetir? # mudaBrasil17 @ jairbolsonaro Vamos pra rua e evitar que isso se repita. @ joicehasselmann @ lsentoes @ leandroruschel @ FlavioBolsonaro @ BolsonaroSP @ CarlosBolsonaro @ flaviomorgen @ filgmartin Essa sempre foi minha preocupação.pic.twitter.com/kyMf5PrCXX;
Poderia fazer o seguinte @ Haddad_Fernando governa o nordeste com o seu socialismo e o @ jairbolsonaro governa o Brasil com o seu capitalismo. Detalhe cada um com suas arrecadações.;
É Bolsonaro 17!;
@ DacioloCable você tá demonstrando um ódio pavoroso, pare de falar de Deus também;
Força Capitão, amanhã é o dia da mudança!! Com Fé em nosso senhor Jesus Cristo, vai dar tudo certo.;
Como disse, sou botafoguense e, portanto, naturalmente pessimista, mas... Datafolha: Diferença caiu oito pontos em nove dias: Bolsonaro 55% Haddad 45% Ibope: Diferença caiu seis pontos em apenas quatro dias: Bolsonaro 54% Haddad 46%;
BOLSONARO - 17 - PSL PRESIDENTE DO BRASIL. • Brasil acima de Tudo!!! • Deus acima de Todos!!! # Bolsonaro # BolsonaroPresidente # Bolsonaro17 # elesim # EuVotoBolsonaro # B17 # BolsonaroSim # EuFizDeGraçahttps://noticias.gospelprime.com.br/bolsonaro-assina-compromisso-defesa-aborto-genero-voto-catolico/ …;
Capitão está tudo pronto aqui no nordeste, desde vez até os animais querem um Brasil melhor, se não houve fraudes nas urnas a vitória prevalecerá. Não vou dizer que foi fácil pois Fake News aqui tava dano em árvore contra você, mas estamos mostrando a verdade. Viva a democracia.;
Amigo estou esperando por esse momento ansiosa.A # GloboLixo vai ter que noticiar a Vitória do @ jairbolsonaro a Vitória da maior parte do povo brasileiro. https://twitter.com/Mestredestra1/status/1056221689091108867 …;
PIXULECA DESESPERADA. TORTURADOR FOI CHE GUEVARA ,HUGO CHAVES, MADURO AQUELES QUE VCS VENERAM ,SÓ UMA PERGUNTA, POR QUE MORAM NO BRASIL?;
Que campanha suja! O vídeo poderia ter sido cortado 1.000.000X mas a frase mais importante está INTACTA: O Deputado @ jairbolsonaro NÃO RECEBEU/FEZ PARTE. Ponto.;
Imprensa internacional destaca "ampla vantagem" de Bolsonaro no 2º turno https://noticias.uol.com.br/politica/eleicoes/2018/noticias/agencia-estado/2018/10/08/imprensa-internacional-destaca-ampla-vantagem-de-bolsonaro-no-2-turno.htm …;
Sim. Vejam o JN agora. Haddad tem imagens para dar a quem já tem predisposição a fazer um perfil favorável. Vamos ver como será o perfil do Bolsonaro.;
Em nome de Jesus venceremos essa corja de ladrões....;
ficar conversando besteira de votar em bolsonaro ele nao gosta de mulher de sapatao nem de viado por isso sou mais humilde vou votar em HADDAD HADDAD HADDAD HADDAD;
URGENTE: Ao finalizar último pronunciamento, Bolsonaro agradece ao povo brasileiro e faz apelo; assista http://www.folhapolitica.org/2018/10/urgente-ao-finalizar-ultimo.html … # notícias # feedly;
Gostei de um vídeo @ YouTube http://youtu.be/vhvlHxc6HAw?aElei …ções 2018: Por que Bolsonaro anima o mercado?;
É um pressuposto que desconsidera que algo pode ser pior. Eu acho o PT péssimo, você sabe. Mas tem coisa pior. Bolsonaro é pior.;
Essa Globo sugando a rola do Bolsonaro legal, hein. Depois falam que a Globo é anti-petista;
Seja fiscal do Jair Messias Bolsonaro. https://fiscaisdojair.com.br/;
Certeza que tem pessoas de esquerda em grandes cargos nas empresas de redes sociais como Twitter entre outras.;
haddad pode ser do pt e o que for mas ele tem sim mais propostas que o bolsonaro, compareceu aos debates e fez campanha em vários estados. um candidato que tem propostas para a educação e é a favor da democracia é quem realmente merece ganhar essas eleições # ViraVotoHaddad13;
Quanta manipulaçãoda Globells IBOPE Jair Bolsonaro 54% Fernando Haddad, 46%. Datafalha **** Jair Bolsonaro, 55%; Fernando Haddad, 45% Crusoe /Empíricos Bolsonaro 56 %e 57 % Haddad. 43% e 44% @ jairbolsonaro @ BlogDoPim @ FlavioBolsonaro @ alexandregarcia @ VillaMarcovilla;
@ jornalnacional O Brasil vai de @ jairbolsonaro e o estado de São Paulo, vai de @ jdoriajr # BolsoDoria;
se bolsonaro ganhar amanhã e ficarem tirando onda, eu vou mandar tomar no cu seja lá quem for;
queria saber pq nas pesquisas @ jairbolsonaro só vem caindo. tenho 5 listas de transmição do Whats 256 contatos cada. pedi voto p/ Bolsonaro e tive +- 130 respostas negativas. +- 750 de apoio a # b17 cm a diferença ser apenas de 10%.;
Eu também nunca fui petista, mas a campanha política do Bolsonaro pra mim é motivo de piada. Não tem nada nele que me passe credibilidade, o melhor argumento que ele tem é a promessa de que será melhor do que o PT.;
E BOLSONARO QUE PT TA DOIDO CHEGA DE ROUBO pic.twitter.com/Qj8wDYUpkL;
Bolsonaro também cai no Datafolha: 55% a 45% https://www.brasil247.com/pt/247/brasil/373409/Bolsonaro-tamb%C3%A9m-cai-no-Datafolha-55-a-45.htm#.W9T7sOS5PAA.twitter …;
não me façam ter que viver num brasil de bolsonaro e felipão;
Que nojo dessa instituição. Sinto pena dos torcedores que nada têm a ver com essa manifestação autoritária que utiliza as cores do clube como mecanismo de imposição. Petraglia deve enxergar Bolsonaro como espelho de gestão. Parecidos mesmo. https://twitter.com/atleticopr/status/1056331525728428034?s=21 …;
Vocês deveriam ter vergonha na cara, estão contando mentira para incautos e desinformados. Ensino a distancia para ensino fundamental, onde vc viu isso no projeto de governo do nosso presidente?? @ jairbolsonaro;
Bolsonaro 54% com margem de erro de 10 pontos perceber para mais! # AcabouAPiranhagem # AcabouPT # BolsonaroPresidente # BolsonaroPresidenteEleito;
J.N Ipop fala que Bolsonaro já ganha devida pesquisa data folha de intenção de votos Bolsonaro 56% andrade 44% mais nois sabemos q a vantagem de nosso Presidente não é só de 6% # MudaBrasil17pic.twitter.com/32rLX2amSz;
O que é a reportagem sobre o Andrade no @ jornalnacional ???? Só faltou mostrar ele indo no banheiro!!!! Mais que o horário eleitoral!!!! Impressionante.... @ lobaoeletrico @ jairbolsonaro @ CarlosBolsonaro;
Quem dera teu voto no Bolsonaro fosse piada igual meu tweet;
Datafolha:  Bolsonaro, 55%; Haddad, 45% dos votos válidos http://noticias.r7.com/eleicoes-2018/datafolha-bolsonaro-55-haddad-45-dos-votos-validos-27102018 … # R7 via @ portalr7;
Tecnologia que Bolsonaro viu em Israel https://youtu.be/3C8ZCF5UTlU  via @ YouTube;
O lado bom dessas duas pesquisas divulgadas agora é que a mobilização amanhã será maior. E a diferença pró @ jairbolsonaro tbem!;
Deus está contigo! Creia na VITÓRIA, amém?;
# jnnoar tá vergonhosa essa campanha pro Andrade hein?! N vai adiantar nada # bolsonaro já ganhou!!;
campanha pro Bolsonaro de graça https://twitter.com/felipeneto/status/1056240281182486533 …;
Ele vai votar nos 2: O 1 do poste e no 7 do Bolsonaro. https://twitter.com/augustosnunes/status/1056327242396114944 …;
Estão ajustando grosseiramente as pesquisas para tentar induzir seu voto, ou fraudar: IBOPE: Jair Bolsonaro - 54% Haddad - 46% Datafolha: Jair Bolsonaro - 55% Haddad - 45% Estão trilhando o mesmo caminho de 2014 CUIDADO BRASIL (Não é crime desconfiar);
@ jornalnacional fazendo aquela campanha pro Maldade. Maior que o próprio programa político do partido. Olhai isso @ jairbolsonaro @ FlavioBolsonaro;
Gente um gosto vou ver amanhã, a GLOBO ter de declarar Bolsonaro presidente, só p engolir a empáfia, chega a ser ridículo isso.;
Mentira, Fez aumentar e muito kkkkk vcs que receberam algumas migalhas pra tentar derrubar o Bolsonaro. Mas vcs já estão queimados, todos sabemos que vcs são comunistas vermelhos e Venezuelanos! Mentiras malditas todas suas notícias! Como vcs cagam nas próprias marmitas! pic.twitter.com/dFUDCw4WvU;
os cara daq começaram a gritar Bolsonaro mito no meio da pizzaria, quero ir embora;
Fala mal do Bolsonaro pra agradar mulher ???? G A D O D E M A I S;
Ibope: Diferença entre Bolsonaro e Haddad cai de 14 para 8 pontos https://www.revistaforum.com.br/ibope-diferenca-entre-bolsonaro-e-haddad-cai-de-14-para-8-pontos/ …;
# Eleitoressempartido18 Eleitores... as pesquisas erraram em MINAS GERAIS e no 1° Turno para presidente. Vamos ver amanhã 65% para @ jairbolsonaro. @ el_pais;
Ei mineiros Bolsozema e traição ao Bolsonaro ok ? Zema nao # MudaBrasil17;
cheguei num ponto em que quando eu descubro que alguém é eleitor do bolsonaro eu só consigo dar risada da pessoa;
Está si gente mais uma vitima do fascista do Bolsonaro e sua turma de bandidos matadores assassinos e torturadores faz mais uma vitima fatal, e se você não acordar amanha poderá ser um dos seus que pode vir a ser vitima de um desses assassinos discípulos de Bolsonaro acordem..;
Bolsonaro, 54%; Haddad, 46% Bolsonaro eleito, o Brasil vai ficar mais triste! Sem Cultura, sem samba, sem educação, sem balada, sem música de bom gosto, sem futebol, sem informação, sem sexo, sem dança, sem justiça, sem carnaval, sem arte, sem paz, sem graça. # Vira13;
Eu estou aguardando os BU da Ásia. Logo mais chega;
@ rosaneoliveira prefiro o confronto das mudanças do que conforto das mesmices... @ PastorClaudioD @ jairbolsonaro # BolsonaroPresidente;
Últimas encuestas Datafolha e Ibope # Eleições2018 # Brasil @ jairbolsonaro 54-55% @ Haddad_Fernando 45-46%;
RealTime Big Data: Bolsonaro tem 55% dos votos válidos, Haddad 45% http://noticias.r7.com/eleicoes-2018/realtime-big-data-bolsonaro-tem-55-dos-votos-validos-haddad-45-27102018 … # R7 via @ portalr7;
61 Bolsonaro;
Globo babando o ovo do Haddad! Mas tudo bem, segunda vou ter o gostinho de assistir a reportagem da vitória do Bolsonaro. # MudaBrasil17 # BolsonaroPresidenteEleito;
Janot, Joaquim Barbosa... Queria os eleitores do Bolsonaro entendessem que vai muito além de corrupção a escolha do voto. https://twitter.com/Rodrigo_Janot/status/1056332452711555073 …;
Quero ver o do bolsonaro.. hahahaha;
Na Nova Zelândia Bolsonaro já é presidente;
a vida não, vc querendo defender eleitor de fascista sim. Lembrando do coro que fizeram no metrô cantando "Bolsonaro vai matar viado". Se esse é o tipo de pessoa que vc defende, então o babaca aqui é você. pic.twitter.com/v0YRHrmUcE;
Serviço secreto israelense alerta Bolsonaro sobre risco iminente de ataque https://youtu.be/q2YHqp2wWb0  via @ YouTube;
O PT vai ver a virada... De 2018 para 2019 vendo Bolsonaro presidente!!!;
@ Paulox36 Lulahadad&CiaLTDA fiéis representantes da ORCRIM Neles # bolsonaro 17 ! https://twitter.com/Paulox36/status/1056309156154621952 …;
Bolsonaro tem 54% e Haddad, 46%, aponta Ibope - https://wp.me/p99j2U-2F3 pic.twitter.com/QkIr1Rhrcv;
Senador nega apoio a Bolsonaro por ele ter defendido mandante de assassinato de sua mãe https://br.noticias.yahoo.com/senador-mais-votado-de-alagoas-nega-apoio-bolsonaro-por-ele-ter-defendido-assassino-de-sua-mae-022716005.html?soc_src=community&soc_trk=fb …;
Fresquinha, agora, as 18h 37. CNT/MDA: Bolsonaro mantém liderança com 56,8%; Haddad tem 43,2%. IBOPE / DATAFOICE não nos enganam mais !!! https://www.google.com.br/amp/s/veja.abril.com.br/politica/cnt-mda-bolsonaro-mantem-lideranca-com-568-haddad-tem-432/amp/ …;
cara, se o Bolsonaro ganhar, a histeria vai continuar por um bom tempo;
Que nojo mesmo! Quero só ver qtos minutos serão “dedicados” ao Bolsonaro.;
A pesquisa da vox no primeiro turno apontou 34% de Bolsonaro e 27% de Haddad. O resultado foi 46% x 29, não acho que se aproximou muito...;
Vira na onda Bolsonaro, cuidado pra não afogar!;
Datafolha saiu com 10 por cento de diferença ... Venceremos... Brasil acima de tudo, abaixo somente de Deus. # AcabouaPiranhagemPT;
Sempre as ordens!Lutei para tirar a DilmAnta. Festejei a prisão de Lula e faço trabalho grátis para Bolsonaro desde 2014 ! Pode contar comigo sempre! Um forte abraço # MudaBrasil17;
Exatamente Mas o haddad era MINISTRO e pode fazer as coisas por ele mesmo o bolsonaro era DEPUTADO e precisa do apoio de outros deputados pra fazer os trabalhos dele Consequentemente...;
A realidade deve ser 58% Bolsonaro e Poste 40% no máximo!;
72% Bolsonaro, o Mito. 23% Andrade, o poste.;
Se fizer uma eleição hoje @ Corinthians quem teria mais voto Bolsonaro, Haddad ou Danilo?;
Judeu só ama shekel;
SE O DATAFOLHA DIZ 55 % PARA BOLSONARO ELE VAI TER 62%;
Para Haddad falta caráter , ja para bolsonaro falta 1 dia kkk # bolsomito;
Vc trabalhador obrigado pelo seu patrão a votar no Bolsonaro LEMBRE-SE O voto é secreto ÑTenha medo em votar Haddad 13 # ViraVirouHaddad13;
Editorial: Ele não, ele nunca! Justificando nossa posição contra Bolsonaro: http://www.justificando.com/2018/09/24/editorial-ele-nao-ele-nunca-justificando-nossa-posicao-contra-bolsonaro/ …;
# MudaBrasil17 # Bolsonaropresidente # EuVotoBolsonaro Está chegando a hora Brasil.pic.twitter.com/NCDyMTVrBS;
